-- --------------------------------------------------------
-- Host:                         127.0.0.1
-- Server version:               5.7.33 - MySQL Community Server (GPL)
-- Server OS:                    Win64
-- HeidiSQL Version:             11.0.0.5919
-- --------------------------------------------------------

/*!40101 SET @OLD_CHARACTER_SET_CLIENT=@@CHARACTER_SET_CLIENT */;
/*!40101 SET NAMES utf8 */;
/*!50503 SET NAMES utf8mb4 */;
/*!40014 SET @OLD_FOREIGN_KEY_CHECKS=@@FOREIGN_KEY_CHECKS, FOREIGN_KEY_CHECKS=0 */;
/*!40101 SET @OLD_SQL_MODE=@@SQL_MODE, SQL_MODE='NO_AUTO_VALUE_ON_ZERO' */;

-- Dumping data for table wardroberacing.brand: ~4 rows (approximately)
/*!40000 ALTER TABLE `brand` DISABLE KEYS */;
INSERT INTO `brand` (`id`, `nama`, `slug`, `logo`, `created_at`, `updated_at`) VALUES
	(1, 'Moto 1 Racing', 'moto-1-racing', 'brand_moto-1-racing_ce7or.jpg', '2022-07-02 00:30:33', '2022-07-02 00:30:33'),
	(2, 'Acerbis', 'acerbis', 'brand_acerbis_5pz8s.png', '2022-07-02 00:30:56', '2022-07-02 00:30:56'),
	(3, 'RCB', 'rcb', 'brand_rcb_d3u2c.png', '2022-07-02 00:35:40', '2022-07-02 00:35:40'),
	(4, 'KTC Racing', 'ktc-racing', 'brand_ktc-racing_9g2fr.jpg', '2022-07-02 00:36:35', '2022-07-02 00:36:35'),
	(5, 'Scarlet', 'scarlet', 'brand_scarlet_22a5m.jpg', '2022-07-02 00:37:51', '2022-07-02 00:37:51');
/*!40000 ALTER TABLE `brand` ENABLE KEYS */;

-- Dumping data for table wardroberacing.kategori: ~4 rows (approximately)
/*!40000 ALTER TABLE `kategori` DISABLE KEYS */;
INSERT INTO `kategori` (`id`, `nama`, `slug`, `thumbnail`, `created_at`, `updated_at`) VALUES
	(1, 'Handguard', 'handguard', 'kategori_1_7zfyw.jpg', '2022-07-02 00:43:25', '2022-07-02 00:43:25'),
	(2, 'Shock Breaker', 'shock-breaker', 'kategori_2_1aqfs.jpg', '2022-07-02 00:45:29', '2022-07-02 00:45:29'),
	(3, 'Rem', 'rem', 'kategori_3_8lni3.jpg', '2022-07-02 00:46:33', '2022-07-02 00:51:01'),
	(4, 'Velg', 'velg', 'kategori_4_3oahj.jpg', '2022-07-02 02:06:57', '2022-07-02 02:06:57');
/*!40000 ALTER TABLE `kategori` ENABLE KEYS */;

-- Dumping data for table wardroberacing.barang: ~5 rows (approximately)
/*!40000 ALTER TABLE `barang` DISABLE KEYS */;
INSERT INTO `barang` (`id`, `nama`, `slug`, `kategori_id`, `brand_id`, `thumbnail`, `harga_jual`, `harga_asal`, `stok`, `berat`, `rating`, `keywords`, `deskripsi`, `created_at`, `updated_at`, `deleted_at`) VALUES
	(1, 'Piringan scarlet supermoto untuk crf 150', 'piringan-scarlet-supermoto-untuk-crf-150', 3, 5, 'thumb_1_thw8z.jpg', 265000, 299999, 3, 1000, 0, 'rem piringan cakram klx crf supermoto pakem', '<p><span style="color: rgba(49, 53, 59, 0.96); font-family: &quot;Open Sauce One&quot;, sans-serif;">PIRINGAN CAKRAM DEPAN SCARLET CRF 150 LEBAR DISC BRAKE SUPERMOTO CRF 150</span><br style="box-sizing: inherit; color: rgba(49, 53, 59, 0.96); font-family: &quot;Open Sauce One&quot;, sans-serif;"><span style="color: rgba(49, 53, 59, 0.96); font-family: &quot;Open Sauce One&quot;, sans-serif;">Disc Brake Lebar 320MM Scarlet</span><br style="box-sizing: inherit; color: rgba(49, 53, 59, 0.96); font-family: &quot;Open Sauce One&quot;, sans-serif;"><span style="color: rgba(49, 53, 59, 0.96); font-family: &quot;Open Sauce One&quot;, sans-serif;">For : CRF 150</span><br style="box-sizing: inherit; color: rgba(49, 53, 59, 0.96); font-family: &quot;Open Sauce One&quot;, sans-serif;"><span style="color: rgba(49, 53, 59, 0.96); font-family: &quot;Open Sauce One&quot;, sans-serif;">Brand SCARLET RACING</span><br style="box-sizing: inherit; color: rgba(49, 53, 59, 0.96); font-family: &quot;Open Sauce One&quot;, sans-serif;"><br style="box-sizing: inherit; color: rgba(49, 53, 59, 0.96); font-family: &quot;Open Sauce One&quot;, sans-serif;"><span style="color: rgba(49, 53, 59, 0.96); font-family: &quot;Open Sauce One&quot;, sans-serif;">Dilengkapi Breket Aluminium</span><br style="box-sizing: inherit; color: rgba(49, 53, 59, 0.96); font-family: &quot;Open Sauce One&quot;, sans-serif;"><br style="box-sizing: inherit; color: rgba(49, 53, 59, 0.96); font-family: &quot;Open Sauce One&quot;, sans-serif;"><span style="color: rgba(49, 53, 59, 0.96); font-family: &quot;Open Sauce One&quot;, sans-serif;">Cocok untuk modifikasi SUPERMOTO / Harian maupun Adventure</span><br></p>', '2022-07-02 01:00:00', '2022-07-02 01:00:00', NULL),
	(2, 'HANDGUARD ACERBIS X FUTURE', 'handguard-acerbis-x-future', 1, 2, 'thumb_2_2b9fj.jpg', 750000, 0, 10, 2000, 0, 'pelindung tangan handle bar end', '<p><span style="color: rgba(49, 53, 59, 0.96); font-family: &quot;Open Sauce One&quot;, sans-serif;">PRODUCT DESCRIPTIONS :</span><br style="box-sizing: inherit; color: rgba(49, 53, 59, 0.96); font-family: &quot;Open Sauce One&quot;, sans-serif;"><span style="color: rgba(49, 53, 59, 0.96); font-family: &quot;Open Sauce One&quot;, sans-serif;">- Maximum ventilation</span><br style="box-sizing: inherit; color: rgba(49, 53, 59, 0.96); font-family: &quot;Open Sauce One&quot;, sans-serif;"><span style="color: rgba(49, 53, 59, 0.96); font-family: &quot;Open Sauce One&quot;, sans-serif;">- Dual-injection cover for maximum impact resistance</span><br style="box-sizing: inherit; color: rgba(49, 53, 59, 0.96); font-family: &quot;Open Sauce One&quot;, sans-serif;"><span style="color: rgba(49, 53, 59, 0.96); font-family: &quot;Open Sauce One&quot;, sans-serif;">- Lightweight, compact and flexible handguard</span><br style="box-sizing: inherit; color: rgba(49, 53, 59, 0.96); font-family: &quot;Open Sauce One&quot;, sans-serif;"><span style="color: rgba(49, 53, 59, 0.96); font-family: &quot;Open Sauce One&quot;, sans-serif;">- Flap designed to protect brake / clutch pumps</span><br style="box-sizing: inherit; color: rgba(49, 53, 59, 0.96); font-family: &quot;Open Sauce One&quot;, sans-serif;"><span style="color: rgba(49, 53, 59, 0.96); font-family: &quot;Open Sauce One&quot;, sans-serif;">- Direct fixing to Brembo / Magura pumps</span><br style="box-sizing: inherit; color: rgba(49, 53, 59, 0.96); font-family: &quot;Open Sauce One&quot;, sans-serif;"><span style="color: rgba(49, 53, 59, 0.96); font-family: &quot;Open Sauce One&quot;, sans-serif;">- Mounting kit included</span><br style="box-sizing: inherit; color: rgba(49, 53, 59, 0.96); font-family: &quot;Open Sauce One&quot;, sans-serif;"><span style="color: rgba(49, 53, 59, 0.96); font-family: &quot;Open Sauce One&quot;, sans-serif;">- Open handguard, applicable keeping the original position of the button panel</span><br style="box-sizing: inherit; color: rgba(49, 53, 59, 0.96); font-family: &quot;Open Sauce One&quot;, sans-serif;"><br style="box-sizing: inherit; color: rgba(49, 53, 59, 0.96); font-family: &quot;Open Sauce One&quot;, sans-serif;"><span style="color: rgba(49, 53, 59, 0.96); font-family: &quot;Open Sauce One&quot;, sans-serif;">Materials</span><br style="box-sizing: inherit; color: rgba(49, 53, 59, 0.96); font-family: &quot;Open Sauce One&quot;, sans-serif;"><span style="color: rgba(49, 53, 59, 0.96); font-family: &quot;Open Sauce One&quot;, sans-serif;">- 30% Nylon</span><br style="box-sizing: inherit; color: rgba(49, 53, 59, 0.96); font-family: &quot;Open Sauce One&quot;, sans-serif;"><span style="color: rgba(49, 53, 59, 0.96); font-family: &quot;Open Sauce One&quot;, sans-serif;">- 60% Polypropylene</span><br style="box-sizing: inherit; color: rgba(49, 53, 59, 0.96); font-family: &quot;Open Sauce One&quot;, sans-serif;"><span style="color: rgba(49, 53, 59, 0.96); font-family: &quot;Open Sauce One&quot;, sans-serif;">- 10% Steel</span><br></p>', '2022-07-02 01:09:17', '2022-07-08 00:02:12', NULL),
	(3, 'Master rem rcb s1', 'master-rem-rcb-s1', 3, 3, 'thumb_3_386q3.jpg', 970000, 0, 3, 800, 0, 'rem master pakem', '<p style="box-sizing: inherit; color: rgba(0, 0, 0, 0.87); font-family: effra, Helvetica, Arial, sans-serif;">Master Rem RCB S1 14mm Kanan</p><p style="box-sizing: inherit; color: rgba(0, 0, 0, 0.87); font-family: effra, Helvetica, Arial, sans-serif;"><br></p><p style="box-sizing: inherit; color: rgba(0, 0, 0, 0.87); font-family: effra, Helvetica, Arial, sans-serif;">* Handle lebih panjang dari pada Master RCB S1 yg lama</p><p style="box-sizing: inherit; color: rgba(0, 0, 0, 0.87); font-family: effra, Helvetica, Arial, sans-serif;">* Ukuran Piston 14mm</p><p style="box-sizing: inherit; color: rgba(0, 0, 0, 0.87); font-family: effra, Helvetica, Arial, sans-serif;">* Universal</p>', '2022-07-02 01:52:11', '2022-07-08 00:04:08', NULL),
	(4, 'Shock Breaker Depan Up Side Down All Kawasaki Klx 150', 'shock-breaker-depan-up-side-down-all-kawasaki-klx-150', 2, 5, 'thumb_4_c16it.jpg', 5650000, 6000000, 0, 6000, 0, 'Shock Shok Skok Breaker Depan Up Side Down Usd All Kawasaki Klx 150', '<p><span style="color: rgba(49, 53, 59, 0.96); font-family: &quot;Open Sauce One&quot;, sans-serif;">Tipe Up Side Down</span><br style="box-sizing: inherit; color: rgba(49, 53, 59, 0.96); font-family: &quot;Open Sauce One&quot;, sans-serif;"><span style="color: rgba(49, 53, 59, 0.96); font-family: &quot;Open Sauce One&quot;, sans-serif;">PNP Kawasaki all tipe KLX 150 cc</span><br style="box-sizing: inherit; color: rgba(49, 53, 59, 0.96); font-family: &quot;Open Sauce One&quot;, sans-serif;"><span style="color: rgba(49, 53, 59, 0.96); font-family: &quot;Open Sauce One&quot;, sans-serif;">Include Cover shock</span><br style="box-sizing: inherit; color: rgba(49, 53, 59, 0.96); font-family: &quot;Open Sauce One&quot;, sans-serif;"><span style="color: rgba(49, 53, 59, 0.96); font-family: &quot;Open Sauce One&quot;, sans-serif;">Include race ball (komstir)</span><br style="box-sizing: inherit; color: rgba(49, 53, 59, 0.96); font-family: &quot;Open Sauce One&quot;, sans-serif;"><span style="color: rgba(49, 53, 59, 0.96); font-family: &quot;Open Sauce One&quot;, sans-serif;">Diameter Inner tube 35mm</span><br style="box-sizing: inherit; color: rgba(49, 53, 59, 0.96); font-family: &quot;Open Sauce One&quot;, sans-serif;"><span style="color: rgba(49, 53, 59, 0.96); font-family: &quot;Open Sauce One&quot;, sans-serif;">Diameter Outer tube 45mm</span><br></p>', '2022-07-02 02:02:40', '2022-07-02 06:31:08', NULL),
	(5, 'VELG ALLOY KAWASAKI KLX 150 16 - 19 36 HOLE', 'velg-alloy-kawasaki-klx-150-16-19-36-hole', 4, 3, 'thumb_5_fbdnk.jpg', 2700000, 0, 1, 1000, 0, 'velg jalu', '<p><span style="color: rgba(49, 53, 59, 0.96); font-family: &quot;Open Sauce One&quot;, sans-serif;">RCB velg aluminium trail cross KLX, CRF, KTM, WR155 hole 36 uk 18x215 21x160 silver</span><br></p>', '2022-07-02 02:10:01', '2022-07-02 02:10:01', NULL);
/*!40000 ALTER TABLE `barang` ENABLE KEYS */;

-- Dumping data for table wardroberacing.foto_barang: ~6 rows (approximately)
/*!40000 ALTER TABLE `foto_barang` DISABLE KEYS */;
INSERT INTO `foto_barang` (`id`, `file`, `barang_id`, `created_at`, `updated_at`) VALUES
	(1, 'images_1_77lmg.jpeg', 1, '2022-07-02 01:00:00', '2022-07-02 01:00:00'),
	(2, 'images_3_qwnlw.jpg', 3, '2022-07-02 01:52:11', '2022-07-02 01:52:11'),
	(3, 'images_4_67k9e.jpg', 4, '2022-07-02 02:02:40', '2022-07-02 02:02:40'),
	(4, 'images_4_lfg7f.jpg', 4, '2022-07-02 02:02:40', '2022-07-02 02:02:40'),
	(5, 'images_5_1hvde.jpg', 5, '2022-07-02 02:10:01', '2022-07-02 02:10:01'),
	(6, 'images_5_huv9h.jpg', 5, '2022-07-02 02:10:01', '2022-07-02 02:10:01'),
	(7, 'images_5_c4i8h.jpg', 5, '2022-07-02 02:10:01', '2022-07-02 02:10:01');
/*!40000 ALTER TABLE `foto_barang` ENABLE KEYS */;

/*!40101 SET SQL_MODE=IFNULL(@OLD_SQL_MODE, '') */;
/*!40014 SET FOREIGN_KEY_CHECKS=IF(@OLD_FOREIGN_KEY_CHECKS IS NULL, 1, @OLD_FOREIGN_KEY_CHECKS) */;
/*!40101 SET CHARACTER_SET_CLIENT=@OLD_CHARACTER_SET_CLIENT */;
